,Categoria
0,Investimentos
1,Comissão
2,Dívidas ativas
3,Comissão
4,Investimentos
5,Comissão
6,Comissão
7,Comissão
8,Comissão
9,Comissão
10,Comissão
11,Comissão
12,Comissão
13,Comissão
14,Investimentos
15,Investimentos
16,Investimentos
17,Investimentos
18,Investimentos
19,Investimentos
20,Investimentos
21,Investimentos
22,Investimentos
23,Investimentos
24,Investimentos
25,Investimentos
26,Investimentos
27,Investimentos
28,Investimentos
29,Investimentos
30,Investimentos
31,Investimentos
32,Investimentos
33,Investimentos
34,Investimentos
